{"cameraMode":{"drawMode":0,"name":"Shaded","section":"Shading Mode"},"sceneLighting":false,"audioPlay":false,"sceneViewState":{"m_AlwaysRefresh":false,"showFog":true,"showSkybox":false,"showFlares":true,"showImageEffects":true,"showParticleSystems":true,"showVisualEffectGraphs":true,"m_FxEnabled":true},"in2DMode":false,"pivot":{"x":-0.13000011444091798,"y":1.878000259399414,"z":-2.8520002365112306},"rotation":{"x":0.011929729953408242,"y":0.1077825129032135,"z":-0.001293446752242744,"w":0.9941021800041199},"size":24.640987396240236,"orthographic":false}